{"cameraMode":{"drawMode":0,"name":"Shaded","section":"Shading Mode"},"sceneLighting":false,"audioPlay":false,"sceneViewState":{"showFog":true,"showMaterialUpdate":false,"showSkybox":true,"showFlares":true,"showImageEffects":true,"showParticleSystems":true},"in2DMode":false,"pivot":{"x":-5.051029205322266,"y":0.9598938822746277,"z":256.8075866699219},"rotation":{"x":-0.04153662174940109,"y":0.8396833539009094,"z":-0.06487907469272614,"w":-0.5375847220420837},"size":2.5748956203460695,"orthographic":false}