{"cameraMode":{"drawMode":0,"name":"Shaded","section":"Shading Mode"},"sceneLighting":false,"audioPlay":false,"sceneViewState":{"showFog":true,"showMaterialUpdate":false,"showSkybox":true,"showFlares":true,"showImageEffects":true,"showParticleSystems":true},"in2DMode":false,"pivot":{"x":0.060126543045043948,"y":2.9812698364257814,"z":10.673738479614258},"rotation":{"x":-0.08733216673135758,"y":0.15327520668506623,"z":-0.013600395992398262,"w":-0.9842230081558228},"size":8.571718215942383,"orthographic":false}