{"cameraMode":{"drawMode":0,"name":"Shaded","section":"Shading Mode"},"sceneLighting":false,"audioPlay":false,"sceneViewState":{"showFog":true,"showMaterialUpdate":false,"showSkybox":true,"showFlares":true,"showImageEffects":true,"showParticleSystems":true},"in2DMode":false,"pivot":{"x":0.0005664825439453125,"y":0.8154119849205017,"z":-0.11108477413654328},"rotation":{"x":0.0015265452675521374,"y":-0.9979488253593445,"z":0.05845540389418602,"w":0.026053564622998239},"size":3.625675678253174,"orthographic":false}