{"cameraMode":{"drawMode":0,"name":"Shaded","section":"Shading Mode"},"sceneLighting":false,"audioPlay":false,"sceneViewState":{"showFog":true,"showMaterialUpdate":false,"showSkybox":true,"showFlares":true,"showImageEffects":true,"showParticleSystems":true},"in2DMode":false,"pivot":{"x":0.017378518357872964,"y":1.268209457397461,"z":-0.1652507781982422},"rotation":{"x":0.0015265452675521374,"y":-0.9979488253593445,"z":0.05845540389418602,"w":0.026053564622998239},"size":1.8258605003356934,"orthographic":false}