{"cameraMode":{"drawMode":0,"name":"Shaded","section":"Shading Mode"},"sceneLighting":false,"audioPlay":false,"sceneViewState":{"showFog":true,"showMaterialUpdate":false,"showSkybox":true,"showFlares":true,"showImageEffects":true,"showParticleSystems":true},"in2DMode":false,"pivot":{"x":-0.21579287946224214,"y":1.2095725536346436,"z":-1.3319817781448365},"rotation":{"x":0.06010694056749344,"y":-0.15655875205993653,"z":0.009546027518808842,"w":0.9857917428016663},"size":2.074829578399658,"orthographic":false}