{"cameraMode":{"drawMode":0,"name":"Shaded","section":"Shading Mode"},"sceneLighting":false,"audioPlay":false,"sceneViewState":{"showFog":true,"showMaterialUpdate":false,"showSkybox":true,"showFlares":true,"showImageEffects":true,"showParticleSystems":true},"in2DMode":false,"pivot":{"x":6.673708915710449,"y":2.0531487464904787,"z":-4.896394729614258},"rotation":{"x":0.078241266310215,"y":-0.6569156050682068,"z":0.06883096694946289,"w":0.7467279434204102},"size":3.884389877319336,"orthographic":false}