{"cameraMode":{"drawMode":0,"name":"Shaded","section":"Shading Mode"},"sceneLighting":false,"audioPlay":false,"sceneViewState":{"showFog":true,"showMaterialUpdate":false,"showSkybox":true,"showFlares":true,"showImageEffects":true,"showParticleSystems":true},"in2DMode":false,"pivot":{"x":-0.7107572555541992,"y":0.4709644913673401,"z":1.7296504974365235},"rotation":{"x":0.01993875950574875,"y":-0.31485745310783389,"z":0.006615521851927042,"w":0.948906421661377},"size":22.0,"orthographic":false}