{"cameraMode":{"drawMode":0,"name":"Shaded","section":"Shading Mode"},"sceneLighting":false,"audioPlay":false,"sceneViewState":{"showFog":true,"showMaterialUpdate":false,"showSkybox":true,"showFlares":true,"showImageEffects":true,"showParticleSystems":true},"in2DMode":false,"pivot":{"x":2.386301279067993,"y":2.814516544342041,"z":-8.96603012084961},"rotation":{"x":0.002974173054099083,"y":0.9019550681114197,"z":0.006212015636265278,"w":-0.4317750334739685},"size":3.8894338607788088,"orthographic":false}